,LRW,ILRW,SRW,ISRW
1,0.5,0.5,0.5,0.5
2,0.711558458579969,0.740269898211056,0.711558458579969,0.740269898211056
3,0.7182020098199083,0.7120247095702417,0.7182020098199083,0.7120247095702417
4,0.8127718989881929,0.766480897816725,0.8127718989881929,0.766480897816725
5,0.6921040445427324,0.6771387534229281,0.6921040445427324,0.6771387534229281
6,0.7950081217599568,0.6955475103488906,0.7950081217599568,0.6955475103488906
